{
  "project_info": {
    "project_number": "1079443274170",
    "project_id": "antivirusfirstscreen",
    "storage_bucket": "antivirusfirstscreen.appspot.com"
  },
  "client": [
    {
      "client_info": {
        "mobilesdk_app_id": "1:1079443274170:android:0c285d5c171cf30b20c583",
        "android_client_info": {
          "package_name": "com.example.antivirusfirstscreen"
        }
      },
      "oauth_client": [],
      "api_key": [
        {
          "current_key": "AIzaSyCE5JDf-VTu9cadsclbfEZnJbdPPMkVSS0"
        }
      ],
      "services": {
        "appinvite_service": {
          "other_platform_oauth_client": []
        }
      }
    }
  ],
  "configuration_version": "1"
}